ABRIGNANI Ignazio, abrignani_i@camera.it 
ADORNATO Ferdinando, adornato_f@camera.it 
AGOSTINELLI Donatella, agostinelli_d@camera.it 
AGOSTINI Luciano, agostini_l@camera.it 
AGOSTINI Roberta, agostini_roberta@camera.it 
AIELLO Ferdinando, aiello_f@camera.it 
AIRAUDO Giorgio, airaudo_g@camera.it 
ALBANELLA Luisella, albanella_l@camera.it 
ALBERTI Ferdinando, alberti_d@camera.it 
ALBINI Tea, albini_t@camera.it 
ALFANO Angelino, alfano_a@camera.it 
ALFANO Gioacchino, alfano_g@camera.it 
ALFREIDER Daniel, alfreider_d@camera.it 
ALLASIA Stefano, allasia_s@camera.it 
ALLI Paolo, alli_p@camera.it 
ALTIERI Trifone, altieri_t@camera.it 
AMATO Maria, amato_maria@camera.it 
AMENDOLA Vincenzo, amendola_vincenzo@camera.it 
AMICI Maria Teresa, amici_m@camera.it 
AMODDIO Sofia, amoddio_s@camera.it 
ANGELUCCI Antonio, angelucci_a@camera.it 
ANTEZZA Maria, antezza_m@camera.it 
ANZALDI Michele, anzaldi_m@camera.it 
ARCHI Bruno, archi_b@camera.it 
ARGENTIN Ileana, argentin_i@camera.it 
ARLOTTI Tiziano, arlotti_t@camera.it 
ARTINI Massimo, artini_m@camera.it 
ASCANI Anna, ascani_a@camera.it 
ATTAGUILE Angelo Gioachino Gaetano, attaguile_a@camera.it 
AUCI Ernesto, auci_e@camera.it 
BALDASSARRE Marco, baldassarre_m@camera.it 
BALDELLI Simone, baldelli_s@camera.it 
BARBANTI Sebastiano, barbanti_s@camera.it 
BARETTA Pier Paolo, baretta_p@camera.it 
BARGERO Cristina, bargero_c@camera.it 
BARONI Massimo Enrico, baroni_m@camera.it 
BARUFFI Davide, baruffi_d@camera.it 
BASILIO Tatiana, basilio_t@camera.it 
BASSO Lorenzo, basso_l@camera.it 
BATTAGLIA Demetrio, battaglia_d@camera.it 
BATTELLI Sergio, battelli_s@camera.it 
BAZOLI Alfredo, bazoli_a@camera.it 
BECATTINI Lorenzo, becattini_l@camera.it 
BECHIS Eleonora, bechis_e@camera.it 
BELLANOVA Teresa, bellanova_t@camera.it 
BENAMATI Gianluca, benamati_g@camera.it 
BENEDETTI Silvia, benedetti_silvia@camera.it 
BENI Paolo, beni_p@camera.it 
BERGAMINI Deborah, bergamini_d@camera.it 
BERGONZI Marco, bergonzi_m@camera.it 
BERLINGHIERI Marina, berlinghieri_m@camera.it 
BERNARDO Maurizio, bernardo_m@camera.it 
BERNINI Massimiliano, bernini_massimiliano@camera.it 
BERNINI Paolo, bernini_paolo@camera.it 
BERRETTA Giuseppe, berretta_g@camera.it 
BERSANI Pier Luigi, bersani_p@camera.it 
BIANCHI Dorina, bianchi_d@camera.it 
BIANCHI Mariastella, bianchi_stella@camera.it 
BIANCHI Nicola, bianchi_nicola@camera.it 
BIANCOFIORE Michaela, biancofiore_m@camera.it 
BIANCONI Maurizio, bianconi_m@camera.it 
BIASOTTI Sandro Mario, biasotti_s@camera.it 
BINDI Rosaria, bindi_r@camera.it 
BINETTI Paola, binetti_p@camera.it 
BINI Caterina, bini_c@camera.it 
BIONDELLI Franca Maria Grazia, biondelli_f@camera.it 
BLAZINA Tamara, blazina_t@camera.it 
BOBBA Luigi, bobba_l@camera.it 
BOCCADUTRI Sergio, boccadutri_s@camera.it 
BOCCIA Francesco, boccia_f@camera.it 
BOCCI Gianpiero, bocci_g@camera.it 
BOCCUZZI Antonio Michele, boccuzzi_a@camera.it 
BOLDRINI Paola, boldrini_paola@camera.it 
BOLOGNESI Paolo, bolognesi_p@camera.it 
BOMBASSEI Alberto, bombassei_a@camera.it 
BONACCORSI Lorenza, bonaccorsi_l@camera.it 
BONAFEDE Alfonso, bonafede_a@camera.it 
BONIFAZI Francesco, bonifazi_f@camera.it 
BONOMO Francesca, bonomo_f@camera.it 
BORDO Franco, bordo_f@camera.it 
BORDO Michele, bordo_m@camera.it 
BORGHESE Mario, borghese_m@camera.it 
BORGHESI Stefano, borghesi_stefano@camera.it 
BORGHI Enrico, borghi_e@camera.it 
BORLETTI DELL'ACQUA Ilaria Carla Anna, borletti_i@camera.it 
BOSCHI Maria Elena, boschi_m@camera.it 
BOSCO Antonino, bosco_a@camera.it 
BOSSA Luisa, bossa_l@camera.it 
BOSSI Umberto, bossi_u@camera.it 
BRAGA Chiara, braga_c@camera.it 
BRAGANTINI Matteo, bragantini_m@camera.it 
BRAGANTINI Paola, bragantini_paola@camera.it 
BRAMBILLA Michela Vittoria, brambilla_m@camera.it 
BRANDOLIN Giorgio, brandolin_g@camera.it 
BRATTI Alessandro, bratti_a@camera.it 
BRESCIA Giuseppe, brescia_g@camera.it 
BRESSA Gianclaudio, bressa_g@camera.it 
BRIGNONE Beatrice, brignone_b@camera.it 
BRUGNEROTTO Marco, brugnerotto_m@camera.it 
BRUNETTA Renato, r.brunetta@camera.it 
BRUNO BOSSIO Vincenza, bruno_vincenza@camera.it 
BRUNO Francesco, bruno_franco@camera.it 
BUENO Renata, bueno_r@camera.it 
BURTONE Giovanni Mario Salvino, burtone_g@camera.it 
BUSINAROLO Francesca, businarolo_f@camera.it 
BUSIN Filippo, busin_f@camera.it 
BUSTO Mirko, busto_m@camera.it 
BUTTIGLIONE Rocco, buttiglione_r@camera.it 
CALABRIA Annagrazia, calabria_a@camera.it 
CAMANI Vanessa, camani_v@camera.it 
CAMPANA Micaela, campana_m@camera.it 
CANCELLERI Azzurra Pia Maria, cancelleri_a@camera.it 
CANI Emanuele, cani_e@camera.it 
CAON Roberto, caon_r@camera.it 
CAPARINI Davide Carlo, pres_caparini@camera.it 
CAPELLI Roberto, capelli_r@camera.it 
CAPEZZONE Daniele, capezzone_d@camera.it 
CAPODICASA Angelo, capodicasa_a@camera.it 
CAPONE Salvatore, capone_s@camera.it 
CAPOZZOLO Sabrina, capozzolo_s@camera.it 
CARBONE Ernesto, carbone_e@camera.it 
CARDINALE Daniela, cardinale_daniela@camera.it 
CARELLA Renzo, carella_r@camera.it 
CARFAGNA Maria Rosaria, carfagna_m@camera.it 
CARIELLO Francesco, cariello_f@camera.it 
CARINELLI Paola, carinelli_p@camera.it 
CARLONI Anna Maria, carloni_a@camera.it 
CARNEVALI Elena, carnevali_e@camera.it 
CAROCCI Mara, carocci_m@camera.it 
CARRA Marco, carra_marco@camera.it 
CARRESCIA Piergiorgio, carrescia_p@camera.it 
CARROZZA Maria Chiara, carrozza_m@camera.it 
CARUSO Mario, caruso_m@camera.it 
CASATI Ezio Primo, casati_e@camera.it 
CASELLATO Floriana, casellato_f@camera.it 
CASERO Luigi, casero_l@camera.it 
CASO Vincenzo, caso_v@camera.it 
CASSANO Francesco, cassano_f@camera.it 
CASTELLI Laura, castelli_l@camera.it 
CASTIELLO Giuseppina, castiello_g@camera.it 
CASTIGLIONE Giuseppe, castiglione_g@camera.it 
CASTRICONE Antonio, castricone_a@camera.it 
CATALANO Ivan, catalano_i@camera.it 
CATANIA Mario, catania_m@camera.it 
CATANOSO GENOESE Francesco, catanoso_f@camera.it 
CAUSI Marco, causi_m@camera.it 
CAUSIN Andrea, causin_a@camera.it 
CECCONI Andrea, cecconi_a@camera.it 
CENNI Susanna, cenni_s@camera.it 
CENSORE Bruno, censore_b@camera.it 
CENTEMERO Elena, centemero_e@camera.it 
CERA Angelo, cera_a@camera.it 
CESARO Antimo, cesaro_antimo@camera.it 
CESARO Luigi, cesaro_l@camera.it 
CHAOUKI Khalid, chaouki_k@camera.it 
CHIARELLI Gianfranco Giovanni, chiarelli_g@camera.it 
CHIMIENTI Silvia, chimienti_s@camera.it 
CICCHITTO Fabrizio, cicchitto_f@camera.it 
CIMBRO Eleonora, cimbro_e@camera.it 
CIPRINI Tiziana, ciprini_t@camera.it 
CIRACI' Nicola, ciraci_n@camera.it 
CIRIELLI Edmondo, cirielli_e@camera.it 
CIVATI Giuseppe, civati_g@camera.it 
COCCIA Laura, coccia_l@camera.it 
COLANINNO Matteo, colaninno_m@camera.it 
COLLETTI Andrea, colletti_a@camera.it 
COLONNESE Vega, colonnese_v@camera.it 
COMINARDI Claudio, cominardi_c@camera.it 
COMINELLI Miriam, cominelli_m@camera.it 
COPPOLA Paolo, coppola_p@camera.it 
CORDA Emanuela, corda_e@camera.it 
CORSARO Massimo Enrico, corsaro_m@camera.it 
COSCIA Maria, coscia_m@camera.it 
COSTA Enrico, costa_e@camera.it 
COSTANTINO Celestina, costantino_c@camera.it 
COVA Paolo, cova_p@camera.it 
COVELLO Stefania, covello_s@camera.it 
COZZOLINO Emanuele, cozzolino_e@camera.it 
CRIMI' Filippo, crimi_filippo@camera.it 
CRIMI Rocco, crimi_r@camera.it 
CRIPPA Davide, crippa_d@camera.it 
CRIVELLARI Diego, crivellari_d@camera.it 
CULOTTA Magda, culotta_m@camera.it 
CUOMO Antonio, cuomo_a@camera.it 
CUPERLO Giovanni, cuperlo_g@camera.it 
CURRO' Tommaso, curro_t@camera.it 
DADONE Fabiana, dadone_f@camera.it 
DAGA Federica, daga_f@camera.it 
D'AGOSTINO Angelo Antonio, dagostino_a@camera.it 
D'ALESSANDRO Luca, dalessandro_l@camera.it 
D'ALIA Gianpiero, dalia_g@camera.it 
DALLAI Luigi, dallai_l@camera.it 
DALL'OSSO Matteo, dallosso_m@camera.it 
DAL MORO Gian Pietro, dalmoro_g@camera.it 
D'AMBROSIO Giuseppe, dambrosio_giuseppe@camera.it 
DAMBRUOSO Stefano, dambruoso_s@camera.it 
DAMIANO Cesare, damiano_c@camera.it 
D'ARIENZO Vincenzo, darienzo_v@camera.it 
D'ATTORRE Alfredo, dattorre_a@camera.it 
DA VILLA Marco, davilla_m@camera.it 
DE GIROLAMO Nunzia, degirolamo_n@camera.it 
DEL BASSO DE CARO Umberto, delbasso_u@camera.it 
DEL GROSSO Daniele, delgrosso_d@camera.it 
DELLAI Lorenzo, dellai_l@camera.it 
DELL'ARINGA Carlo, dellaringa_c@camera.it 
DELLA VALLE Ivan, dellavalle_i@camera.it 
DELL'ORCO Michele, dellorco_m@camera.it 
DE LORENZIS Diego, delorenzis_d@camera.it 
DE MARIA Andrea, demaria_a@camera.it 
DE MENECH Roger, demenech_r@camera.it 
DE MICHELI Paola, demicheli_p@camera.it 
DE MITA Giuseppe, demita_g@camera.it 
DE ROSA Massimo Felice, derosa_m@camera.it 
DI BATTISTA Alessandro, dibattista_a@camera.it 
DI BENEDETTO Chiara, dibenedetto_c@camera.it 
DIENI Federica, dieni_f@camera.it 
DI GIOIA Raffaele, digioia_lello@camera.it 
DI LELLO Marco, dilello_m@camera.it 
DI MAIO Luigi, dimaio_luigi@camera.it 
DI MAIO Marco, dimaio_marco@camera.it 
D'INCA' Federico, dinca_f@camera.it 
D'INCECCO Vittoria, dincecco_v@camera.it 
DI SALVO Teresa Maria, disalvo_t@camera.it 
DISTASO Antonio, distaso_a@camera.it 
DI STEFANO Fabrizio, distefano_fabrizio@camera.it 
DI STEFANO Manlio, distefano_manlio@camera.it 
DI STEFANO Marco, distefano_marco@camera.it 
DI VITA Giulia, divita_g@camera.it 
DONATI Marco, donati_m@camera.it 
D'OTTAVIO Umberto, dottavio_u@camera.it 
DURANTI Donatella, duranti_d@camera.it 
D'UVA Francesco, duva_f@camera.it 
EPIFANI Ettore Guglielmo, epifani_e@camera.it 
ERMINI David, ermini_d@camera.it 
FABBRI Marilena, fabbri_marilena@camera.it 
FAENZI Monica, faenzi_m@camera.it 
FALCONE Giovanni, falcone_g@camera.it 
FAMIGLIETTI Luigi, famiglietti_l@camera.it 
FANTINATI Mattia, fantinati_m@camera.it 
FANUCCI Edoardo, fanucci_e@camera.it 
FARAONE Davide, faraone_d@camera.it 
FARINA Daniele, farina_d@camera.it 
FARINA Giovanni, farina_g@camera.it 
FASSINA Stefano, fassina_s@camera.it 
FAUTTILLI Federico, fauttilli_f@camera.it 
FAVA Giovanni Giuseppe Claudio, fava_claudio@camera.it 
FEDI Marco, fedi_m@camera.it 
FEDRIGA Massimiliano, fedriga_m@camera.it 
FERRANTI Donatella, ferranti_d@camera.it 
FERRARA Francesco, ferrara_f@camera.it 
FERRARESI Vittorio, ferraresi_v@camera.it 
FERRARI Alan, ferrari_alan@camera.it 
FERRO Andrea, ferro_a@camera.it 
FIANO Emanuele, fiano_e@camera.it 
FICO Roberto, fico_r@camera.it 
FIORIO Massimo, fiorio_m@camera.it 
FIORONI Giuseppe, fioroni_g@camera.it 
FOLINO Vincenzo, folino_v@camera.it 
FONTANA Cinzia Maria, fontana_c@camera.it 
FONTANA Gregorio, fontana_g@camera.it 
FONTANELLI Paolo, fontanelli_p@camera.it 
FORMISANO Aniello, formisano_aniello@camera.it 
FOSSATI Filippo, fossati_f@camera.it 
FRACCARO Riccardo, fraccaro_r@camera.it 
FRAGOMELI Gian Mario, fragomeli_g@camera.it 
FRANCESCHINI Dario, franceschini_d@camera.it 
FRATOIANNI Nicola, fratoianni_n@camera.it 
FREGOLENT Silvia, fregolent_s@camera.it 
FRUSONE Luca, frusone_l@camera.it 
FUCCI Benedetto Francesco, fucci_b@camera.it 
FURNARI Alessandro, furnari_a@camera.it 
FUSILLI Gianluca, fusilli_g@camera.it 
GADDA Maria Chiara, gadda_m@camera.it 
GAGNARLI Chiara, gagnarli_c@camera.it 
GALATI Giuseppe, galati_g@camera.it 
GALGANO Adriana Eden Susanna, galgano_a@camera.it 
GALLI Carlo, galli_carlo@camera.it 
GALLI Giampaolo, galli_giampaolo@camera.it 
GALLINELLA Filippo, gallinella_f@camera.it 
GALLO AFFLITTO Riccardo Antonio, gallo_riccardo@camera.it 
GALLO Luigi, gallo_luigi@camera.it 
GALPERTI Guido, galperti_g@camera.it 
GANDOLFI Paolo, gandolfi_p@camera.it 
GARAVINI Laura, garavini_l@camera.it 
GARNERO SANTANCHE' Daniela, garnerosantanche_d@camera.it 
GAROFALO Vincenzo, garofalo_v@camera.it 
GAROFANI Francesco Saverio, garofani_f@camera.it 
GASPARINI Daniela Matilde Maria, gasparini_d@camera.it 
GEBHARD Renate, gebhard_r@camera.it 
GELLI Federico, gelli_f@camera.it 
GELMINI Mariastella, gelmini_m@camera.it 
GENOVESE Francantonio, genovese_f@camera.it 
GENTILONI SILVERI Paolo, gentiloni_p@camera.it 
GHIZZONI Manuela, ghizzoni_m@camera.it 
GIACHETTI Roberto, giachetti_r@camera.it 
GIACOBBE Anna, giacobbe_a@camera.it 
GIACOMELLI Antonello, giacomelli_a@camera.it 
GIACOMONI Sestino, giacomoni_s@camera.it 
GIAMMANCO Gabriella, giammanco_g@camera.it 
GIGLI Gian Luigi, gigli_g@camera.it 
GINATO Federico, ginato_f@camera.it 
GINEFRA Dario, ginefra_d@camera.it 
GINOBLE Tommaso, ginoble_t@camera.it 
GIORDANO Giancarlo, giordano_g@camera.it 
GIORDANO Silvia, giordano_silvia@camera.it 
GIORGETTI Alberto, giorgetti_a@camera.it 
GIORGETTI Giancarlo, giorgetti_g@camera.it 
GIORGIS Andrea, giorgis_a@camera.it 
GITTI Gregorio, gitti_g@camera.it 
GIULIANI Fabrizia, giuliani_f@camera.it 
GIULIETTI Giampiero, giulietti_giampiero@camera.it 
GNECCHI Marialuisa, gnecchi_m@camera.it 
GOZI Sandro, gozi_s@camera.it 
GRANDE Marta, grande_m@camera.it 
GRASSI Gerolamo, grassi_g@camera.it 
GRECO Maria Gaetana, greco_maria@camera.it 
GREGORI Monica, gregori_m@camera.it 
GRIBAUDO Chiara, gribaudo_c@camera.it 
GRILLO Giulia, grillo_g@camera.it 
GRIMOLDI Paolo, grimoldi_p@camera.it 
GUERINI Giuseppe, guerini_giuseppe@camera.it 
GUERINI Lorenzo, guerini_lorenzo@camera.it 
GUERRA Mauro, guerra_m@camera.it 
GUIDESI Guido, guidesi_g@camera.it 
GULLO Maria Tindara, gullo_m@camera.it 
GUTGELD Itzhak Yoram, gutgeld_i@camera.it 
IACONO Maria, iacono_m@camera.it 
IANNUZZI Barbato, iannuzzi_b@camera.it 
IANNUZZI Cristian, iannuzzi_c@camera.it 
IMPEGNO Leonardo, impegno_l@camera.it 
INCERTI Antonella, incerti_a@camera.it 
INVERNIZZI Cristian, invernizzi_c@camera.it 
IORI Vanna, iori_v@camera.it 
KRONBICHLER Florian, kronbichler_f@camera.it 
L'ABBATE Giuseppe, labbate_g@camera.it 
LABRIOLA Vincenza, labriola_v@camera.it 
LACQUANITI Luigi, lacquaniti_l@camera.it 
LAFFRANCO Pietro, laffranco_p@camera.it 
LAFORGIA Francesco, laforgia_f@camera.it 
LAINATI Giorgio, lainati_g@camera.it 
LA MARCA Francesca, lamarca_f@camera.it 
LA RUSSA Ignazio Benito Maria, larussa_i@camera.it 
LATRONICO Cosimo, latronico_c@camera.it 
LATTUCA Enzo, lattuca_e@camera.it 
LAURICELLA Giuseppe, lauricella_g@camera.it 
LAVAGNO Fabio, lavagno_f@camera.it 
LENZI Donata, lenzi_d@camera.it 
LEVA Danilo, leva_d@camera.it 
LIBRANDI Gianfranco, librandi_g@camera.it 
LIUZZI Mirella, liuzzi_m@camera.it 
LOCATELLI Pia Elda, locatelli_p@camera.it 
LODOLINI Emanuele, lodolini_e@camera.it 
LOMBARDI Roberta, lombardi_roberta@camera.it 
LO MONTE Carmelo, lomonte_c@camera.it 
LONGO Piero, longo_p@camera.it 
LOREFICE Marialucia, lorefice_m@camera.it 
LORENZIN Beatrice, lorenzin_b@camera.it 
LOSACCO Alberto, losacco_a@camera.it 
LOTTI Luca, lotti_l@camera.it 
LUPI Maurizio Enzo, lupi_m@camera.it 
LUPO Loredana, lupo_l@camera.it 
MADIA Maria Anna, madia_m@camera.it 
MAESTRI Andrea, maestri_a@camera.it 
MAESTRI Patrizia, maestri_p@camera.it 
MAGORNO Ernesto, magorno_e@camera.it 
MAIETTA Pasquale, maietta_p@camera.it 
MALISANI Gianna, malisani_g@camera.it 
MALPEZZI Simona Flavia, malpezzi_s@camera.it 
MANCIULLI Andrea, manciulli_a@camera.it 
MANFREDI Massimiliano, manfredi_massimiliano@camera.it 
MANNINO Claudia, mannino_claudia@camera.it 
MANTERO Matteo, mantero_m@camera.it 
MANZI Irene, manzi_i@camera.it 
MARANTELLI Daniele, marantelli_d@camera.it 
MARAZZITI Mario, marazziti_m@camera.it 
MARCHETTI Marco, marchetti_m@camera.it 
MARCHI Maino, marchi_m@camera.it 
MARCOLIN Marco, marcolin_m@camera.it 
MARCON Giulio, marcon_g@camera.it 
MARGUERETTAZ Rudi Franco, marguerettaz_r@camera.it 
MARIANI Raffaella, mariani_r@camera.it 
MARIANO Elisa, mariano_e@camera.it 
MAROTTA Antonio, marotta_a@camera.it 
MARROCU Siro, marrocu_s@camera.it 
MARRONI Umberto, marroni_u@camera.it 
MARTELLA Andrea, martella_a@camera.it 
MARTELLI Giovanna, martelli_g@camera.it 
MARTINELLI Marco, martinelli_m@camera.it 
MARTINO Antonio, martino_a@camera.it 
MARTINO Pierdomenico, martino_pierdomenico@camera.it 
MARTI Roberto, marti_r@camera.it 
MARZANA Maria, marzana_m@camera.it 
MARZANO Maria, marzano_m@camera.it 
MASSA Federico, massa_f@camera.it 
MATARRELLI Antonio, matarrelli_t@camera.it 
MATARRESE Salvatore, matarrese_s@camera.it 
MATTIELLO Davide, mattiello_d@camera.it 
MAURI Matteo, mauri_m@camera.it 
MAZZIOTTI DI CELSO Andrea, mazziotti_a@camera.it 
MAZZOLI Alessandro, mazzoli_a@camera.it 
MELILLA Generoso, melilla_g@camera.it 
MELILLI Fabio, melilli_f@camera.it 
MELONI Giorgia, meloni_g@camera.it 
MELONI Marco, meloni_m@camera.it 
MENORELLO Domenico, menorello_d@camera.it 
MERLO Ricardo Antonio, merlo_r@camera.it 
META Michele Pompeo, meta_m@camera.it 
MICCOLI Marco, miccoli_m@camera.it 
MICILLO Salvatore, micillo_s@camera.it 
MIGLIORE Gennaro, migliore_g@camera.it 
MILANATO Lorena, milanato_l@camera.it 
MINARDO Antonino, minardo_antonino@camera.it 
MINNUCCI Emiliano, minnucci_e@camera.it 
MIOTTO Anna Margherita, miotto_a@camera.it 
MISIANI Antonio, misiani_a@camera.it 
MISURACA Salvatore, misuracadore@camera.it 
MOGNATO Michele, mognato_m@camera.it 
MOLEA Bruno, molea_b@camera.it 
MOLTENI Nicola, molteni_n@camera.it 
MONACO Francesco, monaco_f@camera.it 
MONCHIERO Giovanni, monchiero_g@camera.it 
MONGIELLO Colomba, mongiello_c@camera.it 
MONTRONI Daniele, montroni_d@camera.it 
MORANI Alessia, morani_a@camera.it 
MORASSUT Roberto, morassut_r@camera.it 
MORETTO Sara, moretto_s@camera.it 
MOSCATT Antonino, moscatt_a@camera.it 
MOTTOLA Giovanni Carlo Francesco, mottola_g@camera.it 
MUCCI Mara, mucci_m@camera.it 
MURA Romina, mura_r@camera.it 
MURER Delia, murer_d@camera.it 
MURGIA Bruno, murgia_b@camera.it 
NACCARATO Alessandro, naccarato_a@camera.it 
NARDI Martina, nardi_martina@camera.it 
NARDUOLO Giulia, narduolo_g@camera.it 
NASTRI Gaetano, nastri_g@camera.it 
NESCI Dalila, nesci_d@camera.it 
NESI Edoardo, nesi_e@camera.it 
NICCHI Marisa, nicchi_m@camera.it 
NICOLETTI Michele, nicoletti_m@camera.it 
NISSOLI Angela Rosaria, nissoli_af@camera.it 
NUTI Riccardo, nuti_r@camera.it 
OCCHIUTO Roberto, occhiuto_r@camera.it 
OLIARO Roberta, oliaro_r@camera.it 
OLIVERIO Nicodemo Nazzareno, oliverio_n@camera.it 
ORFINI Matteo, orfini_m@camera.it 
ORLANDO Andrea, orlando_a@camera.it 
OTTOBRE Mauro, ottobre_m@camera.it 
PAGANI Alberto, pagani_a@camera.it 
PAGANO Alessandro Saro Alfonso, pagano_alessandro@camera.it 
PAGLIA Giovanni, paglia_giovanni@camera.it 
PALAZZOTTO Erasmo, palazzotto_e@camera.it 
PALESE Rocco, palese_r@camera.it 
PALLADINO Giovanni, palladino_g@camera.it 
PALMA Giovanna, palma_g@camera.it 
PALMIERI Antonio, palmieri_a@camera.it 
PALMIZIO Elio Massimo, palmizio_e@camera.it 
PANNARALE Anna Lucia Lisa, pannarale_a@camera.it 
PARENTELA Paolo, parentela_p@camera.it 
PARISI Massimo, parisi_massimo@camera.it 
PARIS Valentina, paris_v@camera.it 
PARRINI Dario, parrini_d@camera.it 
PASTORELLI Oreste, pastorelli_o@camera.it 
PASTORINO Luca, pastorino_l@camera.it 
PATRIARCA Edoardo, patriarca_e@camera.it 
PELILLO Michele, pelillo_m@camera.it 
PELLEGRINO Serena, pellegrino_s@camera.it 
PELUFFO Vinicio Giuseppe Guido, peluffo_v@camera.it 
PES Caterina, pes_c@camera.it 
PESCO Daniele, pesco_d@camera.it 
PETRAROLI Cosimo, petraroli_c@camera.it 
PETRENGA Giovanna, petrenga_g@camera.it 
PETRINI Paolo, petrini_paolo@camera.it 
PIAZZONI Ileana Cathia, piazzoni_i@camera.it 
PICCHI Guglielmo, picchi_g@camera.it 
PICCIONE Teresa, piccione_t@camera.it 
PICCOLI NARDELLI Flavia, piccoli_f@camera.it 
PICCOLO Giorgio, piccolo_giorgio@camera.it 
PICCOLO Salvatore, piccolo_s@camera.it 
PICCONE Filippo, piccone_f@camera.it 
PIEPOLI Gaetano, piepoli_g@camera.it 
PILI Mauro, pili_m@camera.it 
PILOZZI Nazzareno, pilozzi_n@camera.it 
PINI Gianluca, pini_g@camera.it 
PINI Giuditta, pini_giuditta@camera.it 
PINNA Paola, pinna_p@camera.it 
PIRAS Michele, piras_m@camera.it 
PISANO Girolamo, pisano_g@camera.it 
PISICCHIO Giuseppe, pisicchio_g@camera.it 
PISO Vincenzo, piso_v@camera.it 
PIZZOLANTE Sergio, pizzolante_s@camera.it 
PLACIDO Antonio, placido_a@camera.it 
PLANGGER Albrecht, plangger_a@camera.it 
POLIDORI Catia, polidori_c@camera.it 
POLLASTRINI Barbara Maria Simonetta, pollastrini_b@camera.it 
POLVERINI Renata, polverini_r@camera.it 
PORTA Fabio, porta_f@camera.it 
PORTAS Giacomo Antonio, portas_g@camera.it 
PRATAVIERA Emanuele, prataviera_e@camera.it 
PRESTIGIACOMO Stefania, prestigiacomo_s@camera.it 
PREZIOSI Ernesto, preziosi_e@camera.it 
PRINA Francesco, prina_f@camera.it 
PRODANI Aris, prodani_a@camera.it 
QUARANTA Stefano, quaranta_s@camera.it 
QUARTAPELLE PROCOPIO Lia, quartapelle_l@camera.it 
QUINTARELLI Giuseppe Stefano, quintarelli_g@camera.it 
RABINO Mariano, rabino_m@camera.it 
RACITI Fausto, raciti_f@camera.it 
RAGOSTA Michele, ragosta_m@camera.it 
RAMPELLI Fabio, rampelli_f@camera.it 
RAMPI Roberto, rampi_r@camera.it 
RAVETTO Laura, ravetto_l@camera.it 
REALACCI Ermete, realacci_e@camera.it 
RIBAUDO Francesco, ribaudo_f@camera.it 
RICCIATTI Lara, ricciatti_l@camera.it 
RICHETTI Matteo, richetti_m@camera.it 
RIGONI Andrea, rigoni_a@camera.it 
RIZZETTO Walter, rizzetto_w@camera.it 
RIZZO Gianluca, rizzo_g@camera.it 
ROCCELLA Eugenia Maria, roccella_e@camera.it 
ROCCHI Maria Grazia, rocchi_m@camera.it 
ROMANINI Giuseppe, romanini_g@camera.it 
ROMANO Andrea, romano_andrea@camera.it 
ROMANO Francesco Saverio, romano_f@camera.it 
ROMANO Paolo Nicolo', romano_paolo@camera.it 
ROMELE Giuseppe, romele_g@camera.it 
RONDINI Marco, rondini_m@camera.it 
ROSATO Ettore, rosato_e@camera.it 
ROSSI Domenico, rossi_d@camera.it 
ROSSI Paolo, rossi_paolo@camera.it 
ROSSOMANDO Anna, rossomando_a@camera.it 
ROSTAN Michela, rostan_m@camera.it 
ROSTELLATO Gessica, rostellato_g@camera.it 
ROTONDI Gianfranco, rotondi_g@camera.it 
ROTTA Alessia, rotta_a@camera.it 
RUBINATO Simonetta, rubinato_s@camera.it 
RUGHETTI Angelo, rughetti_a@camera.it 
RUOCCO Carla, ruocco_c@camera.it 
RUSSO Paolo, russo_p@camera.it 
SALTAMARTINI Barbara, saltamartini_b@camera.it 
SAMMARCO Gianfranco, sammarco_g@camera.it 
SANGA Giovanni, sanga_g@camera.it 
SANI Luca, sani_l@camera.it 
SANNA Francesco, sanna_f@camera.it 
SANNA Giovanna, sanna_g@camera.it 
SANNICANDRO Arcangelo, sannicandro_a@camera.it 
SANTELLI Jole, santelli_j@camera.it 
SANTERINI Milena, santerini_m@camera.it 
SARRO Carlo, sarro_c@camera.it 
SARTI Giulia, sarti_g@camera.it 
SAVINO Elvira, savino_e@camera.it 
SAVINO Sandra, savino_s@camera.it 
SBERNA Mario, sberna_m@camera.it 
SBROLLINI Daniela, sbrollini_d@camera.it 
SCAGLIUSI Emanuele, scagliusi_e@camera.it 
SCALFAROTTO Ivan, scalfarotto_i@camera.it 
SCANU Gian Piero, scanu_g@camera.it 
SCHIRO' Gea, schiro_g@camera.it 
SCHULLIAN Manfred, schullian_m@camera.it 
SCOPELLITI Rosanna, scopelliti_r@camera.it 
SCOTTO Arturo, scotto_arturo@camera.it 
SCUVERA Chiara, scuvera_c@camera.it 
SECCO Dino, secco_d@camera.it 
SEGONI Samuele, segoni_s@camera.it 
SENALDI Angelo, senaldi_a@camera.it 
SERENI Marina, sereni_m@camera.it 
SGAMBATO Camilla, sgambato_c@camera.it 
SIBILIA Carlo, sibilia_c@camera.it 
SIMONETTI Roberto, simonetti_r@camera.it 
SIMONI Elisa, simoni_e@camera.it 
SISTO Francesco Paolo, sisto_f@camera.it 
SORIAL Girgis, sorial_g@camera.it 
SOTTANELLI Giulio Cesare, sottanelli_g@camera.it 
SPADONI Maria Edera, spadoni_m@camera.it 
SPERANZA Roberto, speranza_r@camera.it 
SPESSOTTO Arianna, spessotto_a@camera.it 
SQUERI Luca, squeri_l@camera.it 
STUMPO Nicola, stumpo_n@camera.it 
TABACCI Bruno, tabacci_b@camera.it 
TACCONI Alessio, tacconi_a@camera.it 
TAGLIALATELA Marcello, taglialatela_m@camera.it 
TANCREDI Paolo, tancredi_p@camera.it 
TARANTO Luigi, taranto_l@camera.it 
TARICCO Giacomino, taricco_m@camera.it 
TARTAGLIONE Assunta, tartaglione_a@camera.it 
TENTORI Veronica, tentori_v@camera.it 
TERROSI Alessandra, terrosi_a@camera.it 
TERZONI Patrizia, terzoni_p@camera.it 
text,mail
TIDEI Marietta, tidei_m@camera.it 
TINAGLI Irene, tinagli_i@camera.it 
TOFALO Angelo, tofalo_a@camera.it 
TONINELLI Danilo, toninelli_d@camera.it 
TOTARO Achille, totaro_a@camera.it 
TRIPIEDI Davide, tripiedi_d@camera.it 
TULLO Mario, tullo_m@camera.it 
TURCO Tancredi, turco_t@camera.it 
VACCA Gianluca, vacca_g@camera.it 
VACCARO Guglielmo, vaccaro_g@camera.it 
VALENTE Simone, valente_simone@camera.it 
VALENTE Valeria, valente_valeria@camera.it 
VALENTINI Valentino, valentini_v@camera.it 
VALIANTE Simone, valiante_s@camera.it 
VALLASCAS Andrea, vallascas_a@camera.it 
VARGIU Pierpaolo, vargiu_p@camera.it 
VAZIO Franco, vazio_f@camera.it 
VECCHIO Andrea, vecchio_a@camera.it 
VELLA Paolo, vella_p@camera.it 
VELO Silvia, velo_s@camera.it 
VENITTELLI Laura, venittelli_l@camera.it 
VENTRICELLI Cecilia, ventricelli_l@camera.it 
VERINI Walter, verini_w@camera.it 
VEZZALI Maria Valentina, vezzali_m@camera.it 
VICO Ludovico, vico_l@camera.it 
VIGNALI Raffaello, vignali_r@camera.it 
VIGNAROLI Stefano, vignaroli_s@camera.it 
VILLAROSA Alessio Mattia, villarosa_a@camera.it 
VILLECCO Rosa Maria, villecco_r@camera.it 
VITO Elio, vito_e@camera.it 
ZACCAGNINI Adriano, zaccagnini_a@camera.it 
ZAMPA Sandra, zampa_s@camera.it 
ZAN Alessandro, zan_a@camera.it 
ZANETTI Enrico, zanetti_e@camera.it 
ZANIN Giorgio, zanin_g@camera.it 
ZAPPULLA Giuseppe, zappulla_g@camera.it 
ZARATTI Filiberto, zaratti_f@camera.it 
ZARDINI Diego, zardini_d@camera.it 
ZOGGIA Davide, zoggia_d@camera.it 
ZOLEZZI Alberto, zolezzi_a@camera.it 
